{"cameraMode":{"drawMode":0,"name":"Shaded","section":"Shading Mode"},"sceneLighting":true,"audioPlay":false,"sceneViewState":{"showFog":true,"showMaterialUpdate":false,"showSkybox":true,"showFlares":true,"showImageEffects":true,"showParticleSystems":true},"in2DMode":false,"pivot":{"x":-3.095203399658203,"y":-30.486751556396486,"z":-7.524971008300781},"rotation":{"x":0.04074808582663536,"y":0.04943409934639931,"z":-0.0020183308515697719,"w":0.9979438185691834},"size":63.443809509277347,"orthographic":false}